Date of Detection,45 Opossum,Bird,Black Bear,Bobcat,Cottontail,Coyote,Domestic Cat,Domestic Dog,Gray Fox,Gray Squirrel,Groundhog,Mouse,Nine-banded Armadillo,Person,Raccoon,Rat,Red Fox,Striped Skunk,White-tailed Deer
2021-02-08,False,False,False,False,False,False,False,False,False,False,False,False,True,False,False,False,False,False,False
2021-02-11,True,False,False,False,False,False,False,False,False,False,False,False,False,False,False,False,False,False,False
2021-02-19,False,False,False,False,False,False,True,False,False,False,False,False,False,False,False,False,False,False,False
2021-02-26,True,False,False,False,False,False,True,False,False,False,False,False,False,False,False,False,False,False,False
2021-02-28,True,False,False,False,False,False,False,False,False,False,False,False,False,False,False,False,False,False,False
2021-03-02,True,False,False,False,False,False,False,False,False,False,False,False,False,False,False,False,False,False,False
2021-03-03,False,False,False,False,False,False,True,False,False,False,False,False,False,False,False,False,False,False,False
2021-03-10,False,False,False,False,False,False,True,False,False,False,False,False,False,False,False,False,False,False,False
2021-03-15,True,False,False,False,False,False,False,False,False,False,False,False,False,False,False,False,False,False,False
2021-03-21,False,False,False,False,False,False,False,False,False,False,False,False,False,False,False,False,False,False,True
2021-03-24,False,False,False,False,False,False,False,False,False,False,True,False,True,False,False,False,False,False,False
2021-03-25,True,False,False,False,False,False,False,False,False,False,False,False,False,False,False,False,False,False,False
2021-03-26,True,False,False,False,False,False,False,False,False,False,False,False,False,False,False,False,False,False,False
2021-03-27,False,False,False,False,False,False,False,False,False,False,False,False,False,False,False,False,False,False,True
2021-03-28,True,False,False,False,False,False,False,False,False,False,False,False,False,False,False,False,False,False,False
2021-03-30,True,False,False,False,False,False,False,False,False,False,False,False,False,False,False,False,False,False,False
2021-04-01,False,False,False,False,False,False,False,False,False,False,False,False,False,False,False,True,False,False,False
2021-04-02,True,False,False,False,False,False,False,False,False,False,False,False,False,False,False,False,False,False,True
2021-04-03,True,False,False,False,False,False,False,False,False,False,False,False,False,False,False,False,False,False,True
2021-04-04,True,False,False,False,False,False,False,False,False,False,False,False,False,False,False,False,False,False,False
2021-04-05,False,False,False,False,False,False,False,False,False,False,True,False,False,False,False,False,False,False,False
2021-04-06,True,False,False,False,False,False,False,False,False,False,False,False,False,False,True,False,False,False,False
2021-04-07,True,False,False,False,False,False,True,False,False,False,False,False,False,False,True,False,False,False,True
2021-04-08,True,False,False,False,False,False,False,False,False,False,False,False,False,False,False,False,False,False,False
2021-04-09,True,False,False,False,False,False,False,False,False,False,False,False,False,False,False,True,False,False,False
2021-04-10,True,False,False,False,False,False,False,False,False,False,False,False,False,False,True,True,False,False,False
2021-04-11,True,False,False,False,False,False,True,False,False,False,False,False,False,False,False,True,False,False,False
2021-04-12,True,False,False,False,False,False,False,False,False,False,False,False,False,False,False,True,False,False,False
2021-04-13,True,False,False,False,False,False,True,False,False,False,False,False,False,False,True,True,False,False,False
2021-04-14,True,False,False,False,False,False,True,False,False,False,False,False,False,False,False,True,False,False,False
2021-04-15,True,False,False,False,False,False,True,False,False,False,False,False,False,False,False,True,False,False,False
2021-04-16,True,False,False,False,False,False,True,False,False,False,False,False,False,False,True,True,True,False,False
2021-04-17,True,False,False,False,False,False,True,False,False,False,False,False,False,False,False,True,False,False,False
2021-04-18,True,False,False,False,False,False,True,False,False,False,False,True,False,False,False,True,False,False,False
2021-04-19,True,False,False,False,False,False,True,False,False,False,False,True,False,False,False,True,False,False,False
2021-04-20,True,False,False,False,False,False,True,False,False,False,False,True,False,False,True,True,False,False,True
2021-04-21,True,False,False,False,False,False,True,False,False,False,False,False,False,False,False,True,False,False,False
2021-04-22,True,False,False,False,False,False,True,False,False,False,False,True,False,False,False,True,False,False,False
2021-04-23,True,False,False,False,False,False,False,False,False,False,False,False,False,False,True,True,False,False,False
2021-04-24,True,False,False,False,False,False,True,True,False,False,False,True,True,False,True,True,False,False,False
2021-04-25,True,False,False,False,False,False,True,True,False,False,False,True,False,False,True,True,True,False,False
2021-04-26,True,False,False,False,False,False,True,False,False,False,False,False,False,False,True,True,False,True,False
2021-04-27,True,False,False,False,False,False,False,False,False,False,False,False,True,False,False,True,False,False,False
2021-04-28,True,False,False,False,False,False,False,False,False,False,False,False,False,False,True,True,False,False,False
2021-04-29,True,False,False,False,False,False,True,True,False,False,False,True,False,False,False,True,False,True,False
2021-04-30,True,False,False,False,False,False,True,False,False,False,False,False,False,False,True,True,False,False,True
2021-05-01,True,False,False,False,False,False,True,False,False,False,False,False,False,False,True,True,True,False,False
2021-05-02,True,False,False,False,False,False,True,False,False,False,False,True,False,False,True,True,True,False,False
2021-05-03,True,False,False,False,False,False,True,False,False,False,False,False,False,False,True,True,True,False,False
2021-05-04,True,False,False,False,False,False,True,True,False,False,False,False,True,False,True,True,False,False,False
2021-05-05,True,True,False,False,False,False,True,True,False,False,False,False,False,False,True,True,False,False,False
2021-05-06,True,True,False,False,False,False,True,False,False,False,False,True,False,False,True,True,False,False,False
2021-05-07,True,False,False,False,False,False,True,False,False,False,False,False,False,False,True,True,False,False,True
2021-05-08,True,False,False,False,False,False,True,False,False,False,False,True,False,False,True,True,False,False,True
2021-05-09,True,True,False,False,False,True,True,False,False,False,False,False,True,True,True,True,True,False,True
2021-05-10,True,True,False,False,False,False,True,False,False,False,False,False,False,False,True,True,False,False,False
2021-05-11,True,False,False,False,False,False,True,False,False,False,False,False,False,False,True,True,True,False,True
2021-05-12,True,True,False,False,True,False,True,True,False,False,False,False,True,False,True,True,False,False,False
2021-05-13,True,True,False,False,True,False,True,True,False,False,False,True,True,True,True,True,False,False,True
2021-05-14,True,False,False,False,True,False,True,True,False,True,False,False,True,True,True,True,True,False,True
2021-05-15,True,False,False,False,True,False,True,True,False,False,False,False,True,True,True,True,False,False,True
2021-05-16,True,True,False,False,True,False,True,True,False,False,False,True,True,False,True,True,False,False,True
2021-05-17,True,False,False,False,False,True,True,False,False,False,False,False,False,True,True,True,False,False,True
2021-05-18,True,False,False,False,False,True,True,True,True,False,False,False,True,False,True,True,True,False,True
2021-05-19,True,False,False,True,False,False,True,False,False,False,False,False,True,False,True,True,True,False,True
2021-05-20,True,False,False,False,False,False,True,False,False,False,False,False,False,False,True,True,True,False,True
2021-05-21,True,False,False,False,False,True,True,True,False,False,True,False,True,False,True,True,True,False,True
2021-05-22,True,False,False,False,False,True,True,True,True,False,False,False,True,False,True,True,True,False,True
2021-05-23,True,False,False,True,False,False,True,True,True,False,True,False,False,True,True,True,False,False,True
2021-05-24,True,False,False,False,False,False,True,True,False,True,False,False,True,False,True,True,False,False,True
2021-05-25,True,False,False,False,True,True,True,False,False,False,False,False,True,False,True,True,False,False,True
2021-05-26,True,False,False,False,False,True,True,True,True,False,False,False,False,True,True,True,False,False,True
2021-05-27,True,False,False,False,False,True,False,False,False,False,False,False,True,False,True,True,True,False,True
2021-05-28,True,False,False,False,False,True,True,True,False,False,False,False,True,True,True,True,True,False,True
2021-05-29,True,True,False,False,True,True,True,True,True,False,False,False,True,False,True,True,True,False,True
2021-05-30,True,False,False,False,True,True,True,True,True,False,False,False,True,False,True,True,True,False,True
2021-05-31,True,True,False,False,True,False,False,True,False,False,False,False,True,False,True,True,True,False,True
2021-06-01,True,True,False,False,True,False,True,True,True,False,False,False,True,True,True,True,True,False,True
2021-06-02,True,False,False,False,False,False,True,True,False,False,False,False,True,False,True,True,True,False,True
2021-06-03,True,False,False,False,True,True,True,True,False,False,False,False,True,False,True,True,True,False,True
2021-06-04,True,False,False,False,True,False,True,True,True,False,False,False,True,True,True,False,True,False,True
2021-06-05,True,True,False,False,True,False,True,True,True,False,False,False,True,True,True,True,True,False,True
2021-06-06,True,False,False,False,False,False,True,False,True,True,False,False,True,False,True,True,True,False,True
2021-06-07,True,True,True,False,False,False,True,True,True,False,False,False,True,False,True,True,True,True,True
2021-06-08,True,True,False,False,False,True,True,False,False,False,False,False,True,False,True,True,True,False,True
2021-06-09,True,False,False,False,False,False,True,False,True,True,False,False,True,False,True,True,False,False,True
2021-06-10,True,False,False,False,True,False,True,False,False,False,False,False,True,True,True,True,False,False,True
2021-06-11,True,False,False,False,True,False,False,True,True,False,False,False,False,True,True,True,True,False,True
2021-06-12,True,True,False,False,True,False,True,True,False,True,False,False,True,True,True,True,True,False,True
2021-06-13,True,True,False,False,False,False,True,True,True,True,False,False,True,False,True,False,False,False,True
2021-06-14,True,True,False,False,False,False,True,True,True,False,False,False,True,True,True,True,False,False,True
2021-06-15,True,False,False,False,False,True,True,True,False,False,False,False,True,False,True,True,False,False,True
2021-06-16,True,False,False,False,True,False,True,False,False,False,False,False,True,True,True,True,False,False,True
2021-06-17,True,False,False,False,True,False,True,True,False,True,False,False,True,False,True,True,False,False,True
2021-06-18,True,True,False,False,True,False,True,True,False,True,False,False,False,False,True,False,True,False,True
2021-06-19,True,False,False,False,True,False,True,False,False,True,False,False,True,False,True,True,False,False,True
2021-06-20,True,True,False,False,False,True,True,True,True,False,False,False,True,True,True,False,True,True,True
2021-06-21,True,False,False,False,False,True,False,True,False,False,False,False,True,False,True,True,False,False,True
2021-06-22,True,False,False,False,True,True,True,False,False,True,False,False,True,False,True,True,True,False,True
2021-06-23,True,False,False,True,False,True,True,False,False,False,False,False,True,True,True,True,False,False,True
2021-06-24,True,True,False,False,True,True,True,False,False,True,False,False,False,False,True,True,True,False,True
2021-06-25,True,False,False,False,True,False,True,True,False,True,False,False,True,True,True,True,True,False,True
2021-06-26,True,False,False,False,True,True,True,False,False,False,False,False,True,False,True,True,True,False,True
2021-06-27,True,False,False,False,True,False,True,False,True,False,False,False,True,False,True,True,False,False,True
2021-06-28,True,False,False,False,False,False,False,True,False,True,False,False,True,False,True,True,True,False,True
2021-06-29,True,True,False,False,True,False,False,False,False,True,False,False,True,False,True,True,False,False,True
2021-06-30,True,False,False,False,True,False,True,True,False,False,False,False,True,False,True,True,True,False,True
2021-07-01,False,False,False,False,False,False,False,False,False,False,False,False,True,False,True,False,False,False,True
2021-07-02,True,False,False,False,True,False,True,True,False,False,False,False,True,True,True,True,True,True,True
2021-07-03,True,False,False,False,False,False,True,False,False,True,False,False,True,True,True,True,False,False,False
2021-07-04,True,True,False,False,False,False,True,False,False,False,True,True,True,True,True,True,False,False,False
2021-07-05,True,False,False,False,False,False,True,True,False,True,False,False,True,True,True,False,False,False,True
2021-07-06,True,False,False,False,True,False,False,True,False,False,False,False,True,True,True,False,True,False,True
2021-07-07,True,False,False,False,True,False,True,True,False,False,False,False,True,False,True,True,True,False,True
2021-07-08,True,False,False,False,False,True,False,True,False,True,False,False,True,False,True,False,True,False,True
2021-07-09,True,False,False,False,False,True,True,True,False,True,False,False,False,True,True,False,False,False,True
2021-07-10,True,False,False,False,True,False,False,False,False,False,False,False,True,False,True,False,False,False,True
2021-07-11,True,False,False,False,False,False,False,False,True,False,False,False,True,False,True,False,False,False,True
2021-07-12,True,False,False,False,False,False,False,False,True,True,False,False,True,False,True,True,True,False,True
2021-07-13,True,True,False,False,True,False,True,False,False,True,False,True,True,False,True,False,False,False,False
2021-07-14,True,False,False,False,False,False,True,True,False,True,True,False,True,False,True,False,False,False,True
2021-07-15,True,False,False,False,False,False,True,False,False,False,False,False,False,False,True,False,True,False,True
2021-07-16,True,False,False,False,True,False,True,True,False,False,False,False,True,True,True,True,False,False,True
2021-07-17,True,False,False,False,True,False,False,False,False,False,False,False,True,False,True,True,False,False,True
2021-07-18,True,True,False,False,False,False,False,True,False,True,False,False,False,False,True,True,True,False,True
2021-07-19,True,False,False,False,True,False,True,False,False,True,False,False,False,True,True,True,True,False,True
2021-07-20,True,True,False,False,True,False,True,True,True,True,False,True,True,False,True,True,True,False,True
2021-07-21,True,False,False,False,True,False,False,True,False,False,False,False,True,True,True,True,True,False,False
2021-07-22,True,False,False,False,True,False,False,True,False,False,False,False,True,False,True,True,True,False,True
2021-07-23,True,True,False,False,False,False,False,False,False,False,False,False,True,False,True,True,True,False,True
2021-07-24,True,False,False,False,True,True,False,True,False,True,False,False,False,True,True,False,True,False,True
2021-07-25,True,False,False,False,True,False,False,True,False,False,False,False,True,False,True,True,False,False,True
2021-07-26,True,False,False,False,False,False,False,True,False,False,False,False,True,True,True,False,True,False,True
2021-07-27,True,True,False,False,False,False,False,False,False,False,False,False,True,True,True,False,True,False,True
2021-07-28,True,False,False,False,False,False,True,False,False,True,False,False,True,False,True,False,False,False,True
2021-07-29,True,True,False,False,False,False,False,False,False,False,False,True,True,True,True,False,False,False,False
2021-07-30,True,False,False,False,False,False,False,True,False,False,False,False,False,False,True,False,False,False,True
2021-07-31,True,False,False,False,False,True,False,True,False,True,False,False,True,False,True,False,True,False,False
2021-08-01,True,False,False,False,False,False,False,True,False,True,False,False,True,True,True,False,False,False,True
2021-08-02,True,False,False,False,False,False,True,True,False,False,False,False,True,False,True,False,True,False,True
2021-08-03,True,False,False,False,False,False,False,False,False,False,False,False,True,False,False,False,False,False,False
