Date of Detection,45 Opossum,Bird,Black Bear,Cottontail,Coyote,Domestic Cat,Domestic Dog,Gray Fox,Gray Squirrel,Mouse,Nine-banded Armadillo,Person,Raccoon,Rat,Red Fox,Striped Skunk,White-tailed Deer
2021-05-08,False,False,False,False,False,False,False,False,False,False,False,False,True,False,False,False,True
2021-05-09,True,False,False,False,False,False,False,False,False,False,False,False,False,False,False,False,True
2021-05-10,False,False,False,False,False,False,False,False,False,False,False,False,True,False,False,False,False
2021-05-11,False,False,False,False,False,False,False,False,False,False,False,False,False,False,False,False,True
2021-05-12,True,False,False,True,False,False,False,False,False,False,True,False,True,False,False,False,False
2021-05-13,False,False,False,True,False,False,False,False,False,False,False,False,False,False,False,False,True
2021-05-14,False,False,False,True,False,True,False,False,False,False,False,False,True,False,False,False,True
2021-05-15,False,False,False,False,False,False,False,False,False,False,True,False,True,False,False,False,True
2021-05-16,False,False,False,False,False,False,False,False,False,False,True,False,False,False,False,False,True
2021-05-17,False,False,False,False,False,False,False,False,False,False,False,False,False,False,False,False,True
2021-05-18,False,False,False,False,False,False,False,False,False,False,False,False,False,False,False,False,True
2021-05-19,False,False,False,False,False,False,False,False,False,False,False,False,False,True,False,False,False
2021-05-20,False,False,False,False,False,False,False,False,False,False,False,False,False,False,False,False,True
2021-05-21,False,False,False,False,False,False,False,False,False,False,True,False,False,False,False,False,True
2021-05-22,True,False,False,False,False,False,False,False,False,False,True,False,False,True,False,False,False
2021-05-23,False,False,False,False,False,False,False,False,False,False,False,False,True,False,False,False,True
2021-05-24,True,False,False,False,False,True,False,False,False,False,True,False,False,True,False,False,True
2021-05-25,False,False,False,False,True,False,False,False,False,False,True,False,True,True,False,False,True
2021-05-26,True,False,False,False,False,False,False,True,False,False,False,False,False,True,False,False,True
2021-05-27,False,False,False,False,True,False,False,False,False,False,False,False,False,True,False,False,False
2021-05-28,False,False,False,False,True,False,False,False,False,False,False,False,False,True,False,False,False
2021-05-29,False,False,False,False,False,False,False,False,False,False,True,False,False,False,False,False,True
2021-05-30,True,False,False,False,False,False,False,False,False,False,False,False,False,False,False,False,True
2021-05-31,True,False,False,False,False,False,False,False,False,False,True,False,True,True,False,False,False
2021-06-01,False,False,False,False,False,False,False,True,False,False,False,False,True,False,False,False,True
2021-06-03,False,False,False,False,True,False,False,False,False,False,False,False,False,True,False,False,True
2021-06-04,False,False,False,False,False,False,False,False,False,False,True,False,True,False,False,False,True
2021-06-05,False,True,False,False,False,False,False,True,False,False,True,False,False,True,False,False,False
2021-06-06,False,False,False,False,False,True,False,True,True,False,True,False,True,True,False,False,False
2021-06-07,False,False,True,False,False,False,False,False,False,False,False,False,True,True,False,True,True
2021-06-08,False,False,False,False,False,False,False,False,False,False,False,False,True,True,False,False,False
2021-06-09,False,False,False,False,False,False,False,False,False,False,False,False,True,True,False,False,True
2021-06-10,True,False,False,False,False,False,False,False,False,False,False,False,True,True,False,False,False
2021-06-11,False,False,False,False,False,False,False,True,False,False,False,False,False,True,False,False,False
2021-06-12,False,False,False,False,False,False,False,False,False,False,False,False,True,True,False,False,False
2021-06-13,False,True,False,False,False,True,False,True,False,False,True,False,True,False,False,False,True
2021-06-14,True,False,False,False,False,False,False,False,False,False,True,False,False,True,False,False,True
2021-06-15,False,False,False,False,True,False,False,False,False,False,True,False,True,True,False,False,True
2021-06-16,False,False,False,False,False,False,False,False,False,False,True,False,True,True,False,False,True
2021-06-17,True,False,False,False,False,False,False,False,False,False,True,False,True,True,False,False,True
2021-06-18,True,False,False,False,False,False,False,False,False,False,False,False,True,False,False,False,True
2021-06-19,False,False,False,False,False,False,False,False,False,False,True,False,True,True,False,False,True
2021-06-20,True,False,False,False,False,False,False,True,False,False,True,False,False,False,False,False,True
2021-06-21,False,False,False,False,False,False,False,False,False,False,True,False,True,False,False,False,False
2021-06-22,False,False,False,False,True,True,False,False,False,False,False,False,True,False,False,False,True
2021-06-23,False,False,False,False,False,False,False,False,False,False,True,False,True,False,False,False,True
2021-06-24,False,False,False,False,False,True,False,False,False,False,False,False,True,False,False,False,True
2021-06-25,True,False,False,False,False,False,False,False,False,False,True,True,True,False,False,False,True
2021-06-26,False,False,False,True,False,False,False,False,False,False,True,False,True,True,False,False,True
2021-06-27,False,False,False,True,False,False,False,True,False,False,True,False,True,False,False,False,False
2021-06-28,True,False,False,False,False,False,False,False,False,False,False,False,True,False,False,False,True
2021-06-29,False,False,False,False,False,False,False,False,False,False,True,False,True,True,False,False,False
2021-06-30,False,False,False,False,False,False,True,False,False,False,True,False,True,False,False,False,False
2021-07-01,False,False,False,False,False,False,False,False,False,False,True,False,True,False,False,False,False
2021-07-02,False,False,False,False,False,False,False,False,False,False,True,False,True,True,False,False,False
2021-07-03,False,False,False,False,False,False,False,False,False,False,True,False,False,False,False,False,False
2021-07-04,False,False,False,False,False,False,False,False,False,True,True,False,True,False,False,False,False
2021-07-05,False,False,False,False,False,False,False,False,False,False,True,False,True,False,False,False,False
2021-07-06,False,False,False,False,False,False,False,False,False,False,True,False,True,False,False,False,False
2021-07-07,False,False,False,False,False,False,False,False,False,False,True,False,False,False,False,False,False
2021-07-08,False,False,False,False,False,False,False,False,False,False,True,False,True,False,False,False,False
2021-07-09,True,False,False,False,False,False,False,False,False,False,False,False,True,False,False,False,False
2021-07-10,True,False,False,True,False,False,False,False,False,False,True,False,True,False,False,False,False
2021-07-11,False,False,False,False,False,False,False,False,False,False,False,False,True,False,False,False,False
2021-07-12,True,False,False,False,False,False,False,False,False,False,True,False,True,False,False,False,False
2021-07-13,False,False,False,False,False,False,False,False,False,True,True,False,True,False,False,False,False
2021-07-14,False,False,False,False,False,True,False,False,False,False,True,False,False,False,False,False,True
2021-07-15,False,False,False,False,False,False,False,False,False,False,False,False,False,False,True,False,False
2021-07-16,False,False,False,False,False,False,False,False,False,False,False,False,False,True,False,False,False
2021-07-17,False,False,False,False,False,False,False,False,False,False,True,False,True,True,False,False,True
2021-07-18,False,True,False,False,False,False,False,False,False,False,False,False,True,True,False,False,False
2021-07-19,False,False,False,False,False,False,False,False,False,False,False,False,False,False,True,False,True
2021-07-20,False,False,False,True,False,False,False,True,False,True,True,False,True,False,False,False,False
2021-07-21,True,False,False,True,False,False,False,False,False,False,True,False,True,True,False,False,False
2021-07-22,True,False,False,True,False,False,False,False,False,False,False,False,True,False,False,False,False
2021-07-23,True,False,False,False,False,False,False,False,False,False,False,False,True,False,False,False,False
2021-07-24,True,False,False,True,False,False,False,False,False,False,False,False,True,False,False,False,False
2021-07-25,False,False,False,False,False,False,False,False,False,False,False,False,True,False,False,False,False
2021-07-26,False,False,False,False,False,False,False,False,False,False,False,False,True,False,False,False,True
2021-07-27,True,False,False,False,False,False,False,False,False,False,False,False,True,False,False,False,False
2021-07-28,True,False,False,False,False,False,False,False,False,False,False,False,False,False,False,False,True
2021-07-29,False,True,False,False,False,False,False,False,False,True,False,False,True,False,False,False,False
2021-07-30,True,False,False,False,False,False,False,False,False,False,False,False,True,False,False,False,False
2021-07-31,False,False,False,False,False,False,False,False,False,False,False,False,True,False,False,False,False
2021-08-02,False,False,False,False,False,False,False,False,False,False,False,False,True,False,False,False,True
2021-08-03,True,False,False,False,False,False,False,False,False,False,False,False,False,False,False,False,False
